env,difficulty,planner,n_trials,success_rate,smoothness_mean,smoothness_std,min_clearance_mean,min_clearance_std,mission_time_mean,mission_time_std,replans_mean,replans_std
simple,dynamic,Basic,50,0.98,2.519663012760843,0.3241741920012356,0.24178433242020567,0.030026360222158485,1.249767670963834,0.03927482842717146,0.0,0.0
simple,dynamic,PRM-RL,50,1.0,7.361735634555536,0.0,0.25181232111953344,0.0,70.64805085752857,0.8327392936524661,0.0,0.0
simple,noise,Basic,50,0.36,29.335758705269857,4.91014924652023,0.2414259473466439,0.03142929511487595,1.078629208165997,0.03659411915893376,0.0,0.0
simple,noise,PRM-RL,50,0.0,0.0,0.0,0.0,0.0,0.0,0.0,0.0,0.0
simple,noise+dynamic,Basic,50,0.24,26.19044937467508,4.642030381966614,0.2452781013298944,0.043779251890018744,1.2642040763166733,0.03754727210896881,0.0,0.0
simple,noise+dynamic,PRM-RL,50,1.0,38.52811173716822,0.0,0.2994778657949438,0.0,70.12286332911579,0.7873397022647757,0.0,0.0
simple,static,Basic,50,1.0,2.480095337802295,0.5027432088408061,0.23616440763646673,0.023740649480475464,1.0621254683588632,0.040215837507189565,0.0,0.0
simple,static,PRM-RL,50,1.0,8.159857593527114,0.0,0.25181232111953344,0.0,75.66126841421239,2.917328610253661,0.0,0.0
