env,difficulty,planner,n_trials,success_rate,smoothness_mean,smoothness_std,min_clearance_mean,min_clearance_std,mission_time_mean,mission_time_std,replans_mean,replans_std
cityscape,noise+dynamic,Basic,20,0.3,247.58125839241896,16.28621440539722,0.4846468505170323,0.11679274863802454,13.707474683331384,2.893887004065337,0.0,0.0
cityscape,static,Basic,20,0.95,5.101442993995654,0.971242387456437,0.4189951251116344,0.07037846309904948,15.805334731578402,6.6103514263174485,0.0,0.0
office,noise+dynamic,Basic,20,0.2,42.56563089723846,10.704943526823696,0.2188051990064254,0.01042641337204794,38.80268819999765,9.413511446125709,7.5,7.297259759663212
office,static,Basic,20,0.7,2.2642843718754095,0.46730346748752816,0.22163408011780264,0.0135907594616358,37.19265514285871,9.591421379086166,0.0,0.0
simple,noise+dynamic,Basic,20,0.3,28.5265011343041,3.8084716400214367,0.30734359185722443,0.08316013241571016,2.2235581500002204,0.9611080703802866,0.8333333333333334,1.8633899812498245
simple,static,Basic,20,0.75,2.4026317954779115,0.447514277249901,0.2366882235554494,0.02819887310851257,1.1883842066662813,0.047949266207211856,0.0,0.0
