env,difficulty,planner,n_trials,success_rate,smoothness_mean,smoothness_std,min_clearance_mean,min_clearance_std,mission_time_mean,mission_time_std,replans_mean,replans_std
cityscape,noise+dynamic,RiskAware,20,0.6,254.0497119,29.60041994,0.63621994,0.231050361,101.0734438,19.63011878,0.416666667,1.381926996
cityscape,static,RiskAware,20,1,13.53704763,5.280656972,0.619017308,0.165216198,394.5935461,1033.226024,0,0
office,noise+dynamic,RiskAware,20,0.65,66.00180994,45.81076376,0.257910473,0.046809117,15.78870515,4.584346609,0,0
office,static,RiskAware,20,0.9,15.64418021,3.856975384,0.252405402,0.036264655,15.25226398,4.464406803,0.055555556,0.229061424
simple,noise+dynamic,RiskAware,20,0.55,48.09366471,15.13633722,0.314803171,0.058590922,5.660363427,1.200755853,0.363636364,0.771389216
simple,static,RiskAware,20,0.95,18.09891196,9.335356892,0.30856636,0.097486586,6.141950574,2.137325932,0,0
