env,difficulty,planner,n_trials,success_rate,smoothness_mean,smoothness_std,min_clearance_mean,min_clearance_std,mission_time_mean,mission_time_std,replans_mean,replans_std
cityscape,noise+dynamic,RiskAware,20,0.6,254.0497118614924,29.60041993824466,0.6362199397110909,0.23105036085034494,101.07344377500037,19.630118781100435,0.4166666666666667,1.3819269959814164
cityscape,static,RiskAware,20,1.0,13.537047626679572,5.2806569722587176,0.6190173082746838,0.16521619797622025,394.5935460600009,1033.2260235043273,0.0,0.0
office,noise+dynamic,RiskAware,20,0.35,48.729956057957565,6.382369009719701,0.2807983250045565,0.035882033205776244,22.076104966667117,2.5931755077231635,0.0,0.0
office,static,RiskAware,20,0.9,15.64418020530029,3.8569753838881864,0.25240540228979996,0.03626465511384992,15.252263977777451,4.464406803182377,0.05555555555555555,0.2290614236454256
simple,noise+dynamic,RiskAware,20,0.4,53.86383039855922,29.534866048453598,0.28770419538211084,0.0471046786932665,8.211761016666665,2.226022941572487,2.0,4.47213595499958
simple,static,RiskAware,20,0.95,18.09891196237632,9.335356891765743,0.3085663597783644,0.09748658649876957,6.141950573684115,2.1373259321590283,0.0,0.0
